Time[s],Pos[m],V[m/s],mass[kg],T[N]
0.0,5000.0,0.0,24.0,0.0
0.1,4999.9919,-0.16200000000000003,24.0,0.0
0.2,4999.9676,-0.32400000000000007,24.0,0.0
0.30000000000000004,4999.9271,-0.4860000000000001,24.0,0.0
0.4,4999.8704,-0.6480000000000001,24.0,0.0
0.5,4999.7975,-0.8100000000000002,24.0,0.0
0.6000000000000001,4999.7083999999995,-0.9720000000000002,24.0,0.0
0.7000000000000001,4999.603099999999,-1.1340000000000003,24.0,0.0
0.8,4999.481599999999,-1.2960000000000003,24.0,0.0
0.9,4999.343899999999,-1.4580000000000002,24.0,0.0
1.0,4999.189999999999,-1.62,24.0,0.0
1.1,4999.019899999998,-1.782,24.0,0.0
1.2000000000000002,4998.833599999998,-1.944,24.0,0.0
1.3,4998.631099999998,-2.106,24.0,0.0
1.4000000000000001,4998.412399999997,-2.268,24.0,0.0
1.5,4998.177499999997,-2.4299999999999997,24.0,0.0
1.6,4997.926399999997,-2.5919999999999996,24.0,0.0
1.7000000000000002,4997.659099999996,-2.7539999999999996,24.0,0.0
1.8,4997.375599999997,-2.9159999999999995,24.0,0.0
1.9000000000000001,4997.075899999997,-3.0779999999999994,24.0,0.0
2.0,4996.7599999999975,-3.2399999999999993,24.0,0.0
2.1,4996.427899999998,-3.4019999999999992,24.0,0.0
2.2,4996.079599999998,-3.563999999999999,24.0,0.0
2.3000000000000003,4995.7150999999985,-3.725999999999999,24.0,0.0
2.4000000000000004,4995.334399999999,-3.887999999999999,24.0,0.0
2.5,4994.937499999999,-4.049999999999999,24.0,0.0
2.6,4994.524399999999,-4.211999999999999,24.0,0.0
2.7,4994.0951,-4.373999999999999,24.0,0.0
2.8000000000000003,4993.6496,-4.535999999999999,24.0,0.0
2.9000000000000004,4993.1879,-4.697999999999999,24.0,0.0
3.0,4992.71,-4.8599999999999985,24.0,0.0
3.1,4992.2159,-5.0219999999999985,24.0,0.0
3.2,4991.7056,-5.183999999999998,24.0,0.0
3.3000000000000003,4991.1791,-5.345999999999998,24.0,0.0
3.4000000000000004,4990.6364,-5.507999999999998,24.0,0.0
3.5,4990.0775,-5.669999999999998,24.0,0.0
3.6,4989.5024,-5.831999999999998,24.0,0.0
3.7,4988.9111,-5.993999999999998,24.0,0.0
3.8000000000000003,4988.3036,-6.155999999999998,24.0,0.0
3.9000000000000004,4987.6799,-6.317999999999998,24.0,0.0
4.0,4987.04,-6.479999999999998,24.0,0.0
4.1000000000000005,4986.3839,-6.641999999999998,24.0,0.0
4.2,4985.7116,-6.803999999999998,24.0,0.0
4.3,4985.023099999999,-6.9659999999999975,24.0,0.0
4.4,4984.318399999999,-7.1279999999999974,24.0,0.0
4.5,4983.597499999999,-7.289999999999997,24.0,0.0
4.6000000000000005,4982.860399999999,-7.451999999999997,24.0,0.0
4.7,4982.107099999998,-7.613999999999997,24.0,0.0
4.800000000000001,4981.337599999998,-7.775999999999997,24.0,0.0
4.9,4980.551899999998,-7.937999999999997,24.0,0.0
5.0,4979.749999999997,-8.099999999999998,24.0,0.0
5.1000000000000005,4978.931899999997,-8.261999999999999,24.0,0.0
5.2,4978.097599999996,-8.424,24.0,0.0
5.300000000000001,4977.247099999997,-8.586,24.0,0.0
5.4,4976.380399999997,-8.748000000000001,24.0,0.0
5.5,4975.497499999998,-8.910000000000002,24.0,0.0
5.6000000000000005,4974.598399999998,-9.072000000000003,24.0,0.0
5.7,4973.683099999998,-9.234000000000004,24.0,0.0
5.800000000000001,4972.751599999999,-9.396000000000004,24.0,0.0
5.9,4971.803899999999,-9.558000000000005,24.0,0.0
6.0,4970.839999999999,-9.720000000000006,24.0,0.0
6.1000000000000005,4969.8598999999995,-9.882000000000007,24.0,0.0
6.2,4968.8636,-10.044000000000008,24.0,0.0
6.300000000000001,4967.8511,-10.206000000000008,24.0,0.0
6.4,4966.8224,-10.36800000000001,24.0,0.0
6.5,4965.7775,-10.53000000000001,24.0,0.0
6.6000000000000005,4964.7164,-10.69200000000001,24.0,0.0
6.7,4963.6391,-10.854000000000012,24.0,0.0
6.800000000000001,4962.5456,-11.016000000000012,24.0,0.0
6.9,4961.4359,-11.178000000000013,24.0,0.0
7.0,4960.31,-11.340000000000014,24.0,0.0
7.1000000000000005,4959.1679,-11.502000000000015,24.0,0.0
7.2,4958.0096,-11.664000000000016,24.0,0.0
7.300000000000001,4956.8351,-11.826000000000016,24.0,0.0
7.4,4955.6444,-11.988000000000017,24.0,0.0
7.5,4954.4375,-12.150000000000018,24.0,0.0
7.6000000000000005,4953.2144,-12.312000000000019,24.0,0.0
7.7,4951.9751,-12.47400000000002,24.0,0.0
7.800000000000001,4950.719599999999,-12.63600000000002,24.0,0.0
7.9,4949.447899999999,-12.798000000000021,24.0,0.0
8.0,4948.159999999999,-12.960000000000022,24.0,0.0
8.1,4946.855899999999,-13.122000000000023,24.0,0.0
8.200000000000001,4945.535599999998,-13.284000000000024,24.0,0.0
8.3,4944.199099999998,-13.446000000000025,24.0,0.0
8.4,4942.846399999998,-13.608000000000025,24.0,0.0
8.5,4941.477499999997,-13.770000000000026,24.0,0.0
8.6,4940.092399999997,-13.932000000000027,24.0,0.0
8.700000000000001,4938.691099999996,-14.094000000000028,24.0,0.0
8.8,4937.273599999997,-14.256000000000029,24.0,0.0
8.9,4935.839899999997,-14.41800000000003,24.0,0.0
9.0,4934.389999999998,-14.58000000000003,24.0,0.0
9.1,4932.923899999998,-14.742000000000031,24.0,0.0
9.200000000000001,4931.441599999998,-14.904000000000032,24.0,0.0
9.3,4929.943099999999,-15.066000000000033,24.0,0.0
9.4,4928.428399999999,-15.228000000000034,24.0,0.0
9.5,4926.897499999999,-15.390000000000034,24.0,0.0
9.600000000000001,4925.350399999999,-15.552000000000035,24.0,0.0
9.700000000000001,4923.7871,-15.714000000000036,24.0,0.0
9.8,4922.2076,-15.876000000000037,24.0,0.0
9.9,4920.6119,-16.038000000000036,24.0,0.0
10.0,4919.0,-16.200000000000035,24.0,0.0
10.100000000000001,4917.3719,-16.362000000000034,24.0,0.0
10.200000000000001,4915.7276,-16.524000000000033,24.0,0.0
10.3,4914.0671,-16.686000000000032,24.0,0.0
10.4,4912.3904,-16.84800000000003,24.0,0.0
10.5,4910.6975,-17.01000000000003,24.0,0.0
10.600000000000001,4908.9884,-17.17200000000003,24.0,0.0
10.700000000000001,4907.2631,-17.334000000000028,24.0,0.0
10.8,4905.5216,-17.496000000000027,24.0,0.0
10.9,4903.7639,-17.658000000000026,24.0,0.0
11.0,4901.99,-17.820000000000025,24.0,0.0
11.100000000000001,4900.1999,-17.982000000000024,24.0,0.0
11.200000000000001,4898.393599999999,-18.144000000000023,24.0,0.0
11.3,4896.571099999999,-18.306000000000022,24.0,0.0
11.4,4894.732399999999,-18.46800000000002,24.0,0.0
11.5,4892.877499999999,-18.63000000000002,24.0,0.0
11.600000000000001,4891.006399999998,-18.79200000000002,24.0,0.0
11.700000000000001,4889.119099999998,-18.95400000000002,24.0,0.0
11.8,4887.215599999998,-19.116000000000017,24.0,0.0
11.9,4885.295899999997,-19.278000000000016,24.0,0.0
12.0,4883.359999999997,-19.440000000000015,24.0,0.0
12.100000000000001,4881.4078999999965,-19.602000000000015,24.0,0.0
12.200000000000001,4879.439599999996,-19.764000000000014,24.0,0.0
12.3,4877.4550999999965,-19.926000000000013,24.0,0.0
12.4,4875.454399999997,-20.08800000000001,24.0,0.0
12.5,4873.437499999997,-20.25000000000001,24.0,0.0
12.600000000000001,4871.404399999998,-20.41200000000001,24.0,0.0
12.700000000000001,4869.355099999998,-20.57400000000001,24.0,0.0
12.8,4867.289599999998,-20.736000000000008,24.0,0.0
12.9,4865.2078999999985,-20.898000000000007,24.0,0.0
13.0,4863.109999999999,-21.060000000000006,24.0,0.0
13.100000000000001,4860.995899999999,-21.222000000000005,24.0,0.0
13.200000000000001,4858.865599999999,-21.384000000000004,24.0,0.0
13.3,4856.719099999999,-21.546000000000003,24.0,0.0
13.4,4854.5563999999995,-21.708000000000002,24.0,0.0
13.5,4852.3775,-21.87,24.0,0.0
13.600000000000001,4850.1824,-22.032,24.0,0.0
13.700000000000001,4847.9711,-22.194,24.0,0.0
13.8,4845.7436,-22.355999999999998,24.0,0.0
13.9,4843.4999,-22.517999999999997,24.0,0.0
14.0,4841.24,-22.679999999999996,24.0,0.0
14.100000000000001,4838.9639,-22.841999999999995,24.0,0.0
14.200000000000001,4836.6716,-23.003999999999994,24.0,0.0
14.3,4834.3631,-23.165999999999993,24.0,0.0
14.4,4832.0383999999995,-23.327999999999992,24.0,0.0
14.5,4829.697499999999,-23.48999999999999,24.0,0.0
14.600000000000001,4827.340399999999,-23.65199999999999,24.0,0.0
14.700000000000001,4824.967099999999,-23.81399999999999,24.0,0.0
14.8,4822.577599999999,-23.97599999999999,24.0,0.0
14.9,4820.1718999999985,-24.137999999999987,24.0,0.0
15.0,4817.749999999998,-24.299999999999986,24.0,0.0
15.100000000000001,4815.311899999998,-24.461999999999986,24.0,0.0
15.200000000000001,4812.857599999998,-24.623999999999985,24.0,0.0
15.3,4810.387099999997,-24.785999999999984,24.0,0.0
15.4,4807.900399999997,-24.947999999999983,24.0,0.0
15.5,4805.397499999996,-25.10999999999998,24.0,0.0
15.600000000000001,4802.878399999996,-25.27199999999998,24.0,0.0
15.700000000000001,4800.343099999996,-25.43399999999998,24.0,0.0
15.8,4797.791599999997,-25.59599999999998,24.0,0.0
15.9,4795.223899999997,-25.757999999999978,24.0,0.0
16.0,4792.639999999998,-25.919999999999977,24.0,0.0
16.1,4790.039899999998,-26.081999999999976,24.0,0.0
16.2,4787.423599999998,-26.243999999999975,24.0,0.0
16.3,4784.791099999999,-26.405999999999974,24.0,0.0
16.400000000000002,4782.142399999999,-26.567999999999973,24.0,0.0
16.5,4779.477499999999,-26.729999999999972,24.0,0.0
16.6,4776.796399999999,-26.89199999999997,24.0,0.0
16.7,4774.099099999999,-27.05399999999997,24.0,0.0
16.8,4771.3856,-27.21599999999997,24.0,0.0
16.900000000000002,4768.6559,-27.377999999999968,24.0,0.0
17.0,4765.91,-27.539999999999967,24.0,0.0
17.1,4763.1479,-27.701999999999966,24.0,0.0
17.2,4760.3696,-27.863999999999965,24.0,0.0
17.3,4757.5751,-28.025999999999964,24.0,0.0
17.400000000000002,4754.7644,-28.187999999999963,24.0,0.0
17.5,4751.9375,-28.349999999999962,24.0,0.0
17.6,4749.0944,-28.51199999999996,24.0,0.0
17.7,4746.2351,-28.67399999999996,24.0,0.0
17.8,4743.3596,-28.83599999999996,24.0,0.0
17.900000000000002,4740.4679,-28.99799999999996,24.0,0.0
18.0,4737.5599999999995,-29.159999999999958,24.0,0.0
18.1,4734.635899999999,-29.321999999999957,24.0,0.0
18.2,4731.695599999999,-29.483999999999956,24.0,0.0
18.3,4728.739099999999,-29.645999999999955,24.0,0.0
18.400000000000002,4725.766399999999,-29.807999999999954,24.0,0.0
18.5,4722.777499999998,-29.969999999999953,24.0,0.0
18.6,4719.772399999998,-30.13199999999995,24.0,0.0
18.7,4716.751099999998,-30.29399999999995,24.0,0.0
18.8,4713.713599999997,-30.45599999999995,24.0,0.0
18.900000000000002,4710.659899999997,-30.61799999999995,24.0,0.0
19.0,4707.5899999999965,-30.779999999999948,24.0,0.0
19.1,4704.503899999996,-30.941999999999947,24.0,0.0
19.200000000000003,4701.4015999999965,-31.103999999999946,24.0,0.0
19.3,4698.283099999997,-31.265999999999945,24.0,0.0
19.400000000000002,4695.148399999997,-31.427999999999944,24.0,0.0
19.5,4691.997499999998,-31.589999999999943,24.0,0.0
19.6,4688.830399999998,-31.751999999999942,24.0,0.0
19.700000000000003,4685.647099999998,-31.91399999999994,24.0,0.0
19.8,4682.447599999999,-32.075999999999944,24.0,0.0
19.900000000000002,4679.231899999999,-32.23799999999994,24.0,0.0
20.0,4675.999999999999,-32.39999999999994,24.0,0.0
20.1,4672.751899999999,-32.56199999999994,24.0,0.0
20.200000000000003,4669.4875999999995,-32.72399999999994,24.0,0.0
20.3,4666.2071,-32.88599999999994,24.0,0.0
20.400000000000002,4662.9104,-33.04799999999994,24.0,0.0
20.5,4659.5975,-33.20999999999994,24.0,0.0
20.6,4656.2684,-33.371999999999936,24.0,0.0
20.700000000000003,4652.9231,-33.533999999999935,24.0,0.0
20.8,4649.5616,-33.695999999999934,24.0,0.0
20.900000000000002,4646.1839,-33.85799999999993,24.0,0.0
21.0,4642.79,-34.01999999999993,24.0,0.0
21.1,4639.3799,-34.18199999999993,24.0,0.0
21.200000000000003,4635.9536,-34.34399999999993,24.0,0.0
21.3,4632.5111,-34.50599999999993,24.0,0.0
21.400000000000002,4629.0524,-34.66799999999993,24.0,0.0
21.5,4625.577499999999,-34.82999999999993,24.0,0.0
21.6,4622.086399999999,-34.991999999999926,24.0,0.0
21.700000000000003,4618.579099999999,-35.153999999999925,24.0,0.0
21.8,4615.055599999999,-35.315999999999924,24.0,0.0
21.900000000000002,4611.5158999999985,-35.47799999999992,24.0,0.0
22.0,4607.959999999998,-35.63999999999992,24.0,0.0
22.1,4604.387899999998,-35.80199999999992,24.0,0.0
22.200000000000003,4600.799599999998,-35.96399999999992,24.0,0.0
22.3,4597.195099999997,-36.12599999999992,24.0,0.0
22.400000000000002,4593.574399999997,-36.28799999999992,24.0,0.0
22.5,4589.937499999996,-36.44999999999992,24.0,0.0
22.6,4586.284399999997,-36.61199999999992,24.0,0.0
22.700000000000003,4582.615099999997,-36.773999999999916,24.0,0.0
22.8,4578.929599999998,-36.935999999999915,24.0,0.0
22.900000000000002,4575.227899999998,-37.097999999999914,24.0,0.0
23.0,4571.509999999998,-37.25999999999991,24.0,0.0
23.1,4567.775899999999,-37.42199999999991,24.0,0.0
23.200000000000003,4564.025599999999,-37.58399999999991,24.0,0.0
23.3,4560.259099999999,-37.74599999999991,24.0,0.0
23.400000000000002,4556.4764,-37.90799999999991,24.0,0.0
23.5,4552.6775,-38.06999999999991,24.0,0.0
23.6,4548.8624,-38.23199999999991,24.0,0.0
23.700000000000003,4545.0311,-38.393999999999906,24.0,0.0
23.8,4541.1836,-38.555999999999905,24.0,0.0
23.900000000000002,4537.3199,-38.717999999999904,24.0,0.0
24.0,4533.4400000000005,-38.8799999999999,24.0,0.0
24.1,4529.543900000001,-39.0419999999999,24.0,0.0
24.200000000000003,4525.631600000001,-39.2039999999999,24.0,0.0
24.3,4521.703100000001,-39.3659999999999,24.0,0.0
24.400000000000002,4517.758400000001,-39.5279999999999,24.0,0.0
24.5,4513.797500000001,-39.6899999999999,24.0,0.0
24.6,4509.8204000000005,-39.8519999999999,24.0,0.0
24.700000000000003,4505.8271,-40.013999999999896,24.0,0.0
24.8,4501.8176,-40.175999999999895,24.0,0.0
24.900000000000002,4497.7919,-40.337999999999894,24.0,0.0
25.0,4493.75,-40.49999999999989,24.0,0.0
25.1,4489.6919,-40.66199999999989,24.0,0.0
25.200000000000003,4485.6176,-40.82399999999989,24.0,0.0
25.3,4481.527099999999,-40.98599999999989,24.0,0.0
25.400000000000002,4477.420399999999,-41.14799999999989,24.0,0.0
25.5,4473.297499999999,-41.30999999999989,24.0,0.0
25.6,4469.158399999998,-41.47199999999989,24.0,0.0
25.700000000000003,4465.003099999998,-41.63399999999989,24.0,0.0
25.8,4460.831599999998,-41.795999999999886,24.0,0.0
25.900000000000002,4456.643899999997,-41.957999999999885,24.0,0.0
26.0,4452.439999999997,-42.119999999999884,24.0,0.0
26.1,4448.219899999997,-42.28199999999988,24.0,0.0
26.200000000000003,4443.983599999998,-42.44399999999988,24.0,0.0
26.3,4439.731099999998,-42.60599999999988,24.0,0.0
26.400000000000002,4435.4623999999985,-42.76799999999988,24.0,0.0
26.5,4431.177499999999,-42.92999999999988,24.0,0.0
26.6,4426.876399999999,-43.09199999999988,24.0,0.0
26.700000000000003,4422.5590999999995,-43.25399999999988,24.0,0.0
26.8,4418.2256,-43.415999999999876,24.0,0.0
26.900000000000002,4413.8759,-43.577999999999875,24.0,0.0
27.0,4409.51,-43.739999999999874,24.0,0.0
27.1,4405.1279,-43.90199999999987,24.0,0.0
27.200000000000003,4400.729600000001,-44.06399999999987,24.0,0.0
27.3,4396.315100000001,-44.22599999999987,24.0,0.0
27.400000000000002,4391.884400000001,-44.38799999999987,24.0,0.0
27.5,4387.437500000001,-44.54999999999987,24.0,0.0
27.6,4382.974400000001,-44.71199999999987,24.0,0.0
27.700000000000003,4378.495100000001,-44.87399999999987,24.0,0.0
27.8,4373.999600000001,-45.035999999999866,24.0,0.0
27.900000000000002,4369.487900000001,-45.197999999999865,24.0,0.0
28.0,4364.960000000001,-45.359999999999864,24.0,0.0
28.1,4360.415900000001,-45.52199999999986,24.0,0.0
28.200000000000003,4355.855600000001,-45.68399999999986,24.0,0.0
28.3,4351.279100000001,-45.84599999999986,24.0,0.0
28.400000000000002,4346.6864000000005,-46.00799999999986,24.0,0.0
28.5,4342.0775,-46.16999999999986,24.0,0.0
28.6,4337.4524,-46.33199999999986,24.0,0.0
28.700000000000003,4332.8111,-46.49399999999986,24.0,0.0
28.8,4328.1536,-46.65599999999986,24.0,0.0
28.900000000000002,4323.479899999999,-46.817999999999856,24.0,0.0
29.0,4318.789999999999,-46.979999999999855,24.0,0.0
29.1,4314.083899999999,-47.141999999999854,24.0,0.0
29.200000000000003,4309.361599999998,-47.30399999999985,24.0,0.0
29.3,4304.623099999998,-47.46599999999985,24.0,0.0
29.400000000000002,4299.868399999998,-47.62799999999985,24.0,0.0
29.5,4295.097499999997,-47.78999999999985,24.0,0.0
29.6,4290.310399999998,-47.95199999999985,24.0,0.0
29.700000000000003,4285.507099999998,-48.11399999999985,24.0,0.0
29.8,4280.687599999998,-48.27599999999985,24.0,0.0
29.900000000000002,4275.851899999999,-48.437999999999846,24.0,0.0
30.0,4270.999999999999,-48.599999999999845,24.0,0.0
30.1,4266.131899999999,-48.761999999999844,24.0,0.0
30.200000000000003,4261.2476,-48.92399999999984,24.0,0.0
30.3,4256.3471,-49.08599999999984,24.0,0.0
30.400000000000002,4251.4304,-49.24799999999984,24.0,0.0
30.5,4246.4975,-49.40999999999984,24.0,0.0
30.6,4241.548400000001,-49.57199999999984,24.0,0.0
30.700000000000003,4236.583100000001,-49.73399999999984,24.0,0.0
30.8,4231.601600000001,-49.89599999999984,24.0,0.0
30.900000000000002,4226.603900000001,-50.057999999999836,24.0,0.0
31.0,4221.590000000001,-50.219999999999835,24.0,0.0
31.1,4216.559900000001,-50.381999999999834,24.0,0.0
31.200000000000003,4211.513600000001,-50.54399999999983,24.0,0.0
31.3,4206.451100000001,-50.70599999999983,24.0,0.0
31.400000000000002,4201.372400000001,-50.86799999999983,24.0,0.0
31.5,4196.277500000001,-51.02999999999983,24.0,0.0
31.6,4191.166400000001,-51.19199999999983,24.0,0.0
31.700000000000003,4186.039100000001,-51.35399999999983,24.0,0.0
31.8,4180.895600000001,-51.51599999999983,24.0,0.0
31.900000000000002,4175.735900000001,-51.67799999999983,24.0,0.0
32.0,4170.56,-51.839999999999826,24.0,0.0
32.1,4165.3679,-52.001999999999825,24.0,0.0
32.2,4160.1596,-52.163999999999824,24.0,0.0
32.300000000000004,4154.9351,-52.32599999999982,24.0,0.0
32.4,4149.694399999999,-52.48799999999982,24.0,0.0
32.5,4144.437499999999,-52.64999999999982,24.0,0.0
32.6,4139.164399999999,-52.81199999999982,24.0,0.0
32.7,4133.875099999998,-52.97399999999982,24.0,0.0
32.800000000000004,4128.569599999998,-53.13599999999982,24.0,0.0
32.9,4123.247899999998,-53.29799999999982,24.0,0.0
33.0,4117.909999999998,-53.459999999999816,24.0,0.0
33.1,4112.5558999999985,-53.621999999999815,24.0,0.0
33.2,4107.185599999999,-53.783999999999814,24.0,0.0
33.300000000000004,4101.799099999999,-53.94599999999981,24.0,0.0
33.4,4096.3964,-54.10799999999981,24.0,0.0
33.5,4090.9774999999995,-54.26999999999981,24.0,0.0
33.6,4085.5423999999994,-54.43199999999981,24.0,0.0
33.7,4080.091099999999,-54.59399999999981,24.0,0.0
33.800000000000004,4074.623599999999,-54.75599999999981,24.0,0.0
33.9,4069.139899999999,-54.91799999999981,24.0,0.0
34.0,4063.6399999999994,-55.07999999999981,24.0,0.0
34.1,4058.1238999999996,-55.241999999999805,24.0,0.0
34.2,4052.5915999999997,-55.403999999999805,24.0,0.0
34.300000000000004,4047.0431,-55.5659999999998,24.0,0.0
34.4,4041.4784,-55.7279999999998,24.0,0.0
34.5,4035.8975,-55.8899999999998,24.0,0.0
34.6,4030.3004,-56.0519999999998,24.0,0.0
34.7,4024.6871,-56.2139999999998,24.0,0.0
34.800000000000004,4019.0576,-56.3759999999998,24.0,0.0
34.9,4013.4119,-56.5379999999998,24.0,0.0
35.0,4007.75,-56.6999999999998,24.0,0.0
35.1,4002.0719,-56.861999999999796,24.0,0.0
35.2,3996.3776,-57.023999999999795,24.0,0.0
35.300000000000004,3990.6670999999997,-57.185999999999794,24.0,0.0
35.4,3984.9403999999995,-57.34799999999979,24.0,0.0
35.5,3979.1974999999993,-57.50999999999979,24.0,0.0
35.6,3973.4383999999995,-57.67199999999979,24.0,0.0
35.7,3967.6630999999998,-57.83399999999979,24.0,0.0
35.800000000000004,3961.8716,-57.99599999999979,24.0,0.0
35.9,3956.0639,-58.15799999999979,24.0,0.0
36.0,3950.2400000000002,-58.31999999999979,24.0,0.0
36.1,3944.3999000000003,-58.481999999999786,24.0,0.0
36.2,3938.5436000000004,-58.643999999999785,24.0,0.0
36.300000000000004,3932.6711000000005,-58.805999999999784,24.0,0.0
36.4,3926.7824000000005,-58.96799999999978,24.0,0.0
36.5,3920.8775000000005,-59.12999999999978,24.0,0.0
36.6,3914.9564000000005,-59.29199999999978,24.0,0.0
36.7,3909.0191000000004,-59.45399999999978,24.0,0.0
36.800000000000004,3903.0656000000004,-59.61599999999978,24.0,0.0
36.9,3897.0959000000003,-59.77799999999978,24.0,0.0
37.0,3891.11,-59.93999999999978,24.0,0.0
37.1,3885.1079,-60.10199999999978,24.0,0.0
37.2,3879.0896,-60.263999999999776,24.0,0.0
37.300000000000004,3873.0551,-60.425999999999775,24.0,0.0
37.4,3867.0044000000003,-60.587999999999774,24.0,0.0
37.5,3860.9375000000005,-60.74999999999977,24.0,0.0
37.6,3854.8544000000006,-60.91199999999977,24.0,0.0
37.7,3848.7551000000008,-61.07399999999977,24.0,0.0
37.800000000000004,3842.639600000001,-61.23599999999977,24.0,0.0
37.9,3836.507900000001,-61.39799999999977,24.0,0.0
38.0,3830.360000000001,-61.55999999999977,24.0,0.0
38.1,3824.195900000001,-61.72199999999977,24.0,0.0
38.2,3818.015600000001,-61.883999999999766,24.0,0.0
38.300000000000004,3811.819100000001,-62.045999999999765,24.0,0.0
38.400000000000006,3805.606400000001,-62.207999999999764,24.0,0.0
38.5,3799.377500000001,-62.36999999999976,24.0,0.0
38.6,3793.132400000001,-62.53199999999976,24.0,0.0
38.7,3786.8711000000008,-62.69399999999976,24.0,0.0
38.800000000000004,3780.5936000000006,-62.85599999999976,24.0,0.0
38.900000000000006,3774.2999000000004,-63.01799999999976,24.0,0.0
39.0,3767.9900000000002,-63.17999999999976,24.0,0.0
39.1,3761.6639000000005,-63.34199999999976,24.0,0.0
39.2,3755.3216000000007,-63.503999999999756,24.0,0.0
39.300000000000004,3748.963100000001,-63.665999999999755,24.0,0.0
39.400000000000006,3742.588400000001,-63.827999999999754,24.0,0.0
39.5,3736.197500000001,-63.98999999999975,24.0,0.0
39.6,3729.7904000000012,-64.15199999999976,24.0,0.0
39.7,3723.3671000000013,-64.31399999999977,24.0,0.0
39.800000000000004,3716.9276000000013,-64.47599999999977,24.0,0.0
39.900000000000006,3710.4719000000014,-64.63799999999978,24.0,0.0
40.0,3704.0000000000014,-64.79999999999978,24.0,0.0
40.1,3697.5119000000013,-64.96199999999979,24.0,0.0
40.2,3691.0076000000013,-65.1239999999998,24.0,0.0
40.300000000000004,3684.487100000001,-65.2859999999998,24.0,0.0
40.400000000000006,3677.950400000001,-65.44799999999981,24.0,0.0
40.5,3671.397500000001,-65.60999999999981,24.0,0.0
40.6,3664.828400000001,-65.77199999999982,24.0,0.0
40.7,3658.2431000000006,-65.93399999999983,24.0,0.0
40.800000000000004,3651.641600000001,-66.09599999999983,24.0,0.0
40.900000000000006,3645.023900000001,-66.25799999999984,24.0,0.0
41.0,3638.3900000000012,-66.41999999999985,24.0,0.0
41.1,3631.7399000000014,-66.58199999999985,24.0,0.0
41.2,3625.0736000000015,-66.74399999999986,24.0,0.0
41.300000000000004,3618.3911000000016,-66.90599999999986,24.0,0.0
41.400000000000006,3611.6924000000017,-67.06799999999987,24.0,0.0
41.5,3604.977500000002,-67.22999999999988,24.0,0.0
41.6,3598.246400000002,-67.39199999999988,24.0,0.0
41.7,3591.499100000002,-67.55399999999989,24.0,0.0
41.800000000000004,3584.735600000002,-67.7159999999999,24.0,0.0
41.900000000000006,3577.9559000000017,-67.8779999999999,24.0,0.0
42.0,3571.1600000000017,-68.0399999999999,24.0,0.0
42.1,3564.3479000000016,-68.20199999999991,24.0,0.0
42.2,3557.5196000000014,-68.36399999999992,24.0,0.0
42.300000000000004,3550.6751000000013,-68.52599999999993,24.0,0.0
42.400000000000006,3543.814400000001,-68.68799999999993,24.0,0.0
42.5,3536.937500000001,-68.84999999999994,24.0,0.0
42.6,3530.044400000001,-69.01199999999994,24.0,0.0
42.7,3523.1351000000013,-69.17399999999995,24.0,0.0
42.800000000000004,3516.2096000000015,-69.33599999999996,24.0,0.0
42.900000000000006,3509.2679000000016,-69.49799999999996,24.0,0.0
43.0,3502.3100000000018,-69.65999999999997,24.0,0.0
43.1,3495.335900000002,-69.82199999999997,24.0,0.0
43.2,3488.345600000002,-69.98399999999998,24.0,0.0
43.300000000000004,3481.339100000002,-70.14599999999999,24.0,0.0
43.400000000000006,3474.316400000002,-70.30799999999999,24.0,0.0
43.5,3467.277500000002,-70.47,24.0,0.0
43.6,3460.222400000002,-70.632,24.0,0.0
43.7,3453.151100000002,-70.79400000000001,24.0,0.0
43.800000000000004,3446.0636000000018,-70.95600000000002,24.0,0.0
43.900000000000006,3438.9599000000017,-71.11800000000002,24.0,0.0
44.0,3431.8400000000015,-71.28000000000003,24.0,0.0
44.1,3424.7039000000013,-71.44200000000004,24.0,0.0
44.2,3417.551600000001,-71.60400000000004,24.0,0.0
44.300000000000004,3410.383100000001,-71.76600000000005,24.0,0.0
44.400000000000006,3403.198400000001,-71.92800000000005,24.0,0.0
44.5,3395.9975000000013,-72.09000000000006,24.0,0.0
44.6,3388.7804000000015,-72.25200000000007,24.0,0.0
44.7,3381.5471000000016,-72.41400000000007,24.0,0.0
44.800000000000004,3374.2976000000017,-72.57600000000008,24.0,0.0
44.900000000000006,3367.0319000000018,-72.73800000000008,24.0,0.0
45.0,3359.750000000002,-72.90000000000009,24.0,0.0
45.1,3352.451900000002,-73.0620000000001,24.0,0.0
45.2,3345.137600000002,-73.2240000000001,24.0,0.0
45.300000000000004,3337.807100000002,-73.38600000000011,24.0,0.0
45.400000000000006,3330.4604000000018,-73.54800000000012,24.0,0.0
45.5,3323.0975000000017,-73.71000000000012,24.0,0.0
45.6,3315.7184000000016,-73.87200000000013,24.0,0.0
45.7,3308.3231000000014,-74.03400000000013,24.0,0.0
45.800000000000004,3300.9116000000013,-74.19600000000014,24.0,0.0
45.900000000000006,3293.483900000001,-74.35800000000015,24.0,0.0
46.0,3286.040000000001,-74.52000000000015,24.0,0.0
46.1,3278.5799000000006,-74.68200000000016,24.0,0.0
46.2,3271.103600000001,-74.84400000000016,24.0,0.0
46.300000000000004,3263.611100000001,-75.00600000000017,24.0,0.0
46.400000000000006,3256.102400000001,-75.16800000000018,24.0,0.0
46.5,3248.5775000000012,-75.33000000000018,24.0,0.0
46.6,3241.0364000000013,-75.49200000000019,24.0,0.0
46.7,3233.4791000000014,-75.6540000000002,24.0,0.0
46.800000000000004,3225.9056000000014,-75.8160000000002,24.0,0.0
46.900000000000006,3218.3159000000014,-75.97800000000021,24.0,0.0
47.0,3210.7100000000014,-76.14000000000021,24.0,0.0
47.1,3203.0879000000014,-76.30200000000022,24.0,0.0
47.2,3195.4496000000013,-76.46400000000023,24.0,0.0
47.300000000000004,3187.795100000001,-76.62600000000023,24.0,0.0
47.400000000000006,3180.124400000001,-76.78800000000024,24.0,0.0
47.5,3172.437500000001,-76.95000000000024,24.0,0.0
47.6,3164.7344000000007,-77.11200000000025,24.0,0.0
47.7,3157.0151000000005,-77.27400000000026,24.0,0.0
47.800000000000004,3149.2796000000003,-77.43600000000026,24.0,0.0
47.900000000000006,3141.5279000000005,-77.59800000000027,24.0,0.0
48.0,3133.7600000000007,-77.76000000000028,24.0,0.0
48.1,3125.975900000001,-77.92200000000028,24.0,0.0
48.2,3118.175600000001,-78.08400000000029,24.0,0.0
48.300000000000004,3110.359100000001,-78.2460000000003,24.0,0.0
48.400000000000006,3102.526400000001,-78.4080000000003,24.0,0.0
48.5,3094.677500000001,-78.5700000000003,24.0,0.0
48.6,3086.812400000001,-78.73200000000031,24.0,0.0
48.7,3078.931100000001,-78.89400000000032,24.0,0.0
48.800000000000004,3071.033600000001,-79.05600000000032,24.0,0.0
48.900000000000006,3063.119900000001,-79.21800000000033,24.0,0.0
49.0,3055.190000000001,-79.38000000000034,24.0,0.0
49.1,3047.243900000001,-79.54200000000034,24.0,0.0
49.2,3039.2816000000007,-79.70400000000035,24.0,0.0
49.300000000000004,3031.3031000000005,-79.86600000000035,24.0,0.0
49.400000000000006,3023.3084000000003,-80.02800000000036,24.0,0.0
49.5,3015.2975,-80.19000000000037,24.0,0.0
49.6,3007.2704,-80.35200000000037,24.0,0.0
49.7,2999.2271,-80.51400000000038,24.0,0.0
49.800000000000004,2991.1676,-80.67600000000039,24.0,0.0
49.900000000000006,2983.0919000000004,-80.83800000000039,24.0,0.0
50.0,2975.0000000000005,-81.0000000000004,24.0,0.0
50.1,2966.8919000000005,-81.1620000000004,24.0,0.0
50.2,2958.7676000000006,-81.32400000000041,24.0,0.0
50.300000000000004,2950.6271000000006,-81.48600000000042,24.0,0.0
50.400000000000006,2942.4704000000006,-81.64800000000042,24.0,0.0
50.5,2934.2975000000006,-81.81000000000043,24.0,0.0
50.6,2926.1084000000005,-81.97200000000043,24.0,0.0
50.7,2917.9031000000004,-82.13400000000044,24.0,0.0
50.800000000000004,2909.6816000000003,-82.29600000000045,24.0,0.0
50.900000000000006,2901.4439,-82.45800000000045,24.0,0.0
51.0,2893.19,-82.62000000000046,24.0,0.0
51.1,2884.9199,-82.78200000000047,24.0,0.0
51.2,2876.6335999999997,-82.94400000000047,24.0,0.0
51.300000000000004,2868.3310999999994,-83.10600000000048,24.0,0.0
51.400000000000006,2860.012399999999,-83.26800000000048,24.0,0.0
51.5,2851.6774999999993,-83.43000000000049,24.0,0.0
51.6,2843.3263999999995,-83.5920000000005,24.0,0.0
51.7,2834.9590999999996,-83.7540000000005,24.0,0.0
51.800000000000004,2826.5755999999997,-83.91600000000051,24.0,0.0
51.900000000000006,2818.1758999999997,-84.07800000000051,24.0,0.0
52.0,2809.7599999999998,-84.24000000000052,24.0,0.0
52.1,2801.3278999999998,-84.40200000000053,24.0,0.0
52.2,2792.8795999999998,-84.56400000000053,24.0,0.0
52.300000000000004,2784.4150999999997,-84.72600000000054,24.0,0.0
52.400000000000006,2775.9343999999996,-84.88800000000055,24.0,0.0
52.5,2767.4374999999995,-85.05000000000055,24.0,0.0
52.6,2758.9243999999994,-85.21200000000056,24.0,0.0
52.7,2750.3950999999993,-85.37400000000056,24.0,17.647638674616736
52.800000000000004,2741.8532766196636,-85.46246732397091,23.999446309506567,17.359986314362146
52.900000000000006,2733.302546661883,-85.55213155803202,23.998901644037964,17.562381042457037
53.0,2724.742892530921,-85.6409507811679,23.998350628482594,17.445102899202876
53.1,2716.174332126661,-85.73025702771142,23.997803292501256,17.21461558875366
53.2,2707.596793157335,-85.82052208971952,23.997263188004823,17.39437810447396
53.300000000000004,2699.0102652178953,-85.9100364243242,23.996717443501932,17.208710697979463
53.400000000000006,2690.4147472408363,-86.0003228479281,23.99617752427005,28.42401941628873
53.5,2681.81253764342,-86.0438683666779,23.995285727377208,28.685021992717566
53.6,2673.2060281018244,-86.08632171791774,23.994385741590204,28.578860190845113
53.7,2664.595251326536,-86.12921304600222,23.993489086604647,28.73471447603504
53.800000000000004,2655.980218120265,-86.17145032940434,23.992587541727723,28.58692704433581
53.900000000000006,2647.360930611335,-86.2142991068177,23.991690633646545,28.557413049539903
54.0,2638.737352296351,-86.25726645195161,23.99079465155998,28.807021329944753
54.1,2630.10952949211,-86.29918887890578,23.989890838072597,28.57809440765736
54.2,2621.4774669569697,-86.34206108181725,23.988994207113308,28.553974319140984
54.300000000000004,2612.8411123967207,-86.38502938226758,23.988098332916096,28.723812207625517
54.400000000000006,2604.2004966300324,-86.42728520171052,23.987197130095264,28.48672040270123
54.5,2595.5556060846193,-86.47052496903443,23.98630336597379,28.698161330120676
54.6,2586.90643586018,-86.51287877119552,23.98540296794318,28.85392371489853
54.7,2578.2530629511584,-86.55457865246757,23.984497682904554,28.607333781212038
54.800000000000004,2569.5954688736497,-86.59730215376875,23.983600134566828,28.825166877815818
54.900000000000006,2560.933648083263,-86.63911289859033,23.98269575176717,28.7524968086859
55.0,2552.26763129411,-86.68122213285382,23.98179364897376,28.462574398616944
55.1,2543.597343359158,-86.72453582958245,23.980900642427457,28.691508010788077
55.2,2534.9227720091963,-86.76689042109864,23.98000045314317,28.610670064216446
55.300000000000004,2526.243948568948,-86.80957763947107,23.979102800130352,28.644636665984198
55.400000000000006,2517.5608637129053,-86.85211873515819,23.97820408142343,28.483941515952857
55.5,2508.873491461743,-86.89532555016329,23.977310404488872,28.697626800948044
55.6,2500.181843311469,-86.93763670621811,23.97641002322899,28.634299087257755
55.7,2491.4859510637393,-86.98020750253214,23.97551162886116,28.52689066632461
55.800000000000004,2482.78577955997,-87.02322183254243,23.974616604407156,28.570232313258785
55.900000000000006,2474.0813158845954,-87.0660509323248,23.973720220119223,28.468347319108275
56.0,2465.3725482721984,-87.10930057821717,23.972827032448905,58.97353159732171
56.1,2456.6658186094896,-87.02528951121069,23.970976751829966,58.70010764999148
56.2,2447.967433967734,-86.94240018795782,23.969135049822764,59.02476441234784
56.300000000000004,2439.277406926536,-86.85813746477665,23.96728316178636,59.05140615263749
56.400000000000006,2430.595812667297,-86.77374454542202,23.965430437871646,59.22907671530111
56.5,2421.9226957224223,-86.68859115787025,23.96357213958501,58.57556348302815
56.6,2413.2579587120476,-86.60614592503514,23.96173434512162,58.16306026348599
56.7,2404.601381082585,-86.5254035830226,23.95990949284927,58.57137453947903
56.800000000000004,2395.952963823881,-86.44293846595602,23.958071829812994,58.51748773453903
56.900000000000006,2387.3127827678204,-86.36067953542901,23.956235857462488,58.626527502297215
57.0,2378.6808513000897,-86.27794668724734,23.954396464015037,58.98456083310887
57.1,2370.057268792925,-86.19370028524827,23.952545837356432,58.94030555714053
57.2,2361.442102638658,-86.10961963354923,23.95069659919665,58.82934337743163
57.300000000000004,2352.835322333671,-86.0259833110841,23.94885084244904,58.722160237449486
57.400000000000006,2344.2368842288506,-85.94277564121168,23.94700844854712,59.27264573975158
57.5,2335.6468827784824,-85.85725016232122,23.945148783292638,58.66631952177312
57.6,2327.0653082233603,-85.77423780102112,23.943308141379976,58.98110038889282
57.7,2318.492101584148,-85.68989180986344,23.94145762329199,58.942156300919905
57.800000000000004,2309.9273223625005,-85.60568945341909,23.93960832706556,58.74229586461557
57.900000000000006,2301.3709225826715,-85.52230299446475,23.937765301413094,58.98476511854452
58.0,2292.8229130417576,-85.43788464857955,23.93591466834508,58.67666365373611
58.1,2284.283281925082,-85.35473454230065,23.934073701887723,58.91687482070126
58.2,2275.7520169462896,-85.27056186464218,23.93222519886176,58.79580128855114
58.300000000000004,2267.229144889597,-85.18687611282849,23.930380494489263,58.620882486170856
58.400000000000006,2258.7146058057383,-85.10390242623558,23.928541278152856,59.138405266947856
58.5,2250.208473176811,-85.0187469580585,23.92668582466149,58.99052456239041
58.6,2241.7108261485505,-84.93419042835265,23.924835010892288,59.11395210365038
58.7,2233.221661523137,-84.84909888731256,23.922980324613142,58.92818208846544
58.800000000000004,2224.740968180967,-84.76476478302538,23.921131466824328,58.88425215716203
58.900000000000006,2216.268700018476,-84.68059529796786,23.919283987326725,58.67883944210479
59.0,2207.804806814253,-84.59726563925287,23.91744295260452,59.14322692061432
59.1,2199.349344606462,-84.51197531882448,23.91558734783491,58.910862587912064
59.2,2190.902363807477,-84.42763748773055,23.913739033441335,58.466670290651216
59.300000000000004,2182.4637248649587,-84.3451382366609,23.911904655476125,59.188212207053674
59.400000000000006,2174.0334876681904,-84.25960249461524,23.91004763930378,58.821567461146934
59.5,2165.6117283312574,-84.17558107903265,23.908202126523705,58.420700815516206
59.6,2157.1982882465904,-84.09321749180577,23.906369190839914,58.568015777647446
59.7,2148.7931162698396,-84.01021890446664,23.904531633183996,58.61193612276761
59.800000000000004,2140.3962542805807,-83.92701773676777,23.902692697537628,58.78984153229644
59.900000000000006,2132.0077505677464,-83.84305335638058,23.900848180151073,58.73811400155367
60.0,2123.6276334202303,-83.7592864354731,23.899005285703574,58.47866784844218
60.1,2115.255839629912,-83.67658623978782,23.897170531317823,58.77531895931941
60.2,2106.892378869977,-83.59262579546372,23.895326469573565,59.2141169284917
60.300000000000004,2098.5374069249906,-83.50680989292108,23.893468640646706,58.65381010209384
60.400000000000006,2090.1909002766197,-83.4233199231425,23.89162839121413,58.951196455573566
60.5,2081.852805810403,-83.33856621731256,23.889778811354986,58.415170051170755
60.6,2073.523075476824,-83.25603732754094,23.88794604919762,58.50547847529905
60.7,2065.2016178737645,-83.17311159677064,23.886110453634785,58.963549256458876
60.800000000000004,2056.888549676258,-83.08824916666649,23.88426048620943,58.88331819954615
60.900000000000006,2048.58395188115,-83.00370355698944,23.88241303601453,59.01047585698264
61.0,2040.2878362235963,-82.91860640133346,23.880561596278174,59.07972039158952
61.1,2032.0002457383282,-82.83320010328724,23.878707984010905,58.51366734539504
61.2,2023.7210783102998,-82.75014531709196,23.87687213152421,58.98655285661373
61.300000000000004,2015.4503163339423,-82.66509101841845,23.875021442366336,59.24023869110525
61.400000000000006,2007.1881138756212,-82.57895492835092,23.87316279387535,58.64580917656388
61.5,1998.9344014883864,-82.49528966049145,23.871322795469922,58.64188343967396
61.6,1990.6890557524293,-82.41162190273336,23.869482920233562,58.51833286796878
61.7,1982.4520518572974,-82.32845285678948,23.867646921367196,59.05980478077923
61.800000000000004,1974.2234792477818,-82.24299613147416,23.86579393394751,59.05780647558878
61.900000000000006,1966.0034528527854,-82.15752856612701,23.863941009224177,58.992253588805276
62.0,1957.791960439646,-82.07231650094423,23.86209014120718,58.84991083229884
62.1,1949.58896036412,-81.98768182876248,23.86024373916053,58.7790829724603
62.2,1941.3944098671059,-81.9033249378758,23.85839955932125,59.19250653243342
62.300000000000004,1933.2083826568964,-81.81721604736369,23.85654240841546,58.76302859039416
62.400000000000006,1925.0308772842052,-81.73288823356249,23.854698732278624,58.63974562463957
62.5,1916.8617798030878,-81.64905822869805,23.852858924115708,58.826659584131114
62.6,1908.7011054531695,-81.5644255889122,23.851013251571477,58.839155097001495
62.7,1900.5488979411339,-81.47972146919857,23.849167186983482,58.928941893499754
62.800000000000004,1892.4051806207563,-81.39462174554082,23.847318305355962,59.116159772283375
62.900000000000006,1884.2700134861154,-81.30871773364397,23.845463549811736,58.37295847383956
63.0,1876.1432818717321,-81.22591142019887,23.843632112032637,58.72411040063744
63.1,1868.0249054690876,-81.14161346056515,23.84178965694481,58.71118457052167
63.2,1859.9149571032035,-81.05735068589217,23.839947607401843,78.66059191540344
63.300000000000004,1851.8176202475543,-80.88938073360795,23.837479649917302,78.5609985869045
63.400000000000006,1843.7370612037842,-80.72179446154418,23.83501481714991,79.20919371493953
63.5,1835.6733984762252,-80.55145431406463,23.83252964741354,78.61290713823088
63.6,1827.6266463882366,-80.38358175558625,23.830063186027616,78.58887432294321
63.7,1819.5966782203611,-80.21577591410362,23.82759747866559,78.1742960264011
63.800000000000004,1811.583405341707,-80.04967602984767,23.82514477859966,78.77766053586457
63.900000000000006,1803.58687077253,-79.88100963615179,23.822673148114816,78.31433812835895
64.0,1795.6071073073963,-79.71425401486638,23.820216054261028,78.5914867332288
64.10000000000001,1787.644079279094,-79.54630085827353,23.81775026493525,78.64670804818931
64.2,1779.6978598677113,-79.37808166729592,23.81528274305376,78.72699185582269
64.3,1771.768480942858,-79.20949111484877,23.812812702286777,78.58165321406203
64.4,1763.855932268836,-79.04147667057399,23.810347221485337,78.55611406512591
64.5,1755.960181384459,-78.87353532447393,23.80788254196866,78.95277061292461
64.60000000000001,1748.08130965194,-78.70389357458488,23.805405417446522,78.68645332882177
64.7,1740.2193478797467,-78.535336155508,23.802936648566245,78.63733843534492
64.8,1732.3742332460165,-78.36695081126852,23.800469420654146,78.21999264979166
64.9,1724.5458711771762,-78.20028491696647,23.798015286867454,78.443270978454
65.0,1716.7342243068074,-78.03264680837242,23.79555414777596,78.41372974951562
65.10000000000001,1708.9393367442985,-77.86509876287174,23.79309393553354,78.48911298982952
65.2,1701.1612215326415,-77.69719977923623,23.79063135815977,78.62779670719547
65.3,1693.3999270754973,-77.52868365130239,23.78816442961714,78.48889747308843
65.4,1685.6554567479222,-77.3607172068389,23.785701859005158,78.96600646304489
65.5,1677.9278850730973,-77.19071052567648,23.783224319211353,78.46584078516415
65.60000000000001,1670.2172106374844,-77.02277249420038,23.780762471997505,78.79959537837715
65.7,1662.5234018909373,-76.85339669464366,23.77829015331216,78.5797962206404
65.8,1654.8464862254427,-76.6849109039499,23.77582473077345,78.17317004468481
65.9,1647.1863353341007,-76.518101269381,23.77337206603493,78.553576807008
66.0,1639.5429471148027,-76.34965740673194,23.77090746612413,78.44715580413293
66.10000000000001,1631.91638260858,-76.18162702215129,23.768446205147146,78.54690630473586
66.2,1624.3066438348612,-76.01314274097888,23.765981814521776,79.05095151486844
66.3,1616.713861253529,-75.84250309967992,23.76350160959704,78.48181042132546
66.4,1609.1380246128394,-75.67422400995788,23.76103926133963,78.67452163662651
66.5,1601.5790581472254,-75.50509956893147,23.758570866813375,78.25071801964751
66.60000000000001,1594.036916650062,-75.33772470137099,23.756115769025463,78.50826805570962
66.7,1586.5115685525043,-75.16923153823167,23.75365259066603,78.59817900460611
66.8,1579.0030904118642,-75.00032554874282,23.751186591371816,78.94526134485115
66.9,1571.5115776594257,-74.82992372231327,23.74870970245119,78.5877470659497
67.0,1564.0370315475893,-74.66099278771969,23.746244030456587,78.1340171328949
67.10000000000001,1556.5792847035445,-74.4939384312451,23.743792594131424,78.59001139750436
67.2,1549.138341024362,-74.32492942300708,23.741326851093955,78.3485547193274
67.3,1541.7142491098703,-74.15690317140114,23.73886868370271,78.63490205054033
67.4,1534.3070218453724,-73.98763638023316,23.736401532231607,78.5281552476919
67.5,1526.9167004941646,-73.81878491997901,23.73393772991622,78.78818089322415
67.60000000000001,1519.5433207893705,-73.64880341279279,23.731465769357648,78.26180773560219
67.7,1512.186830054724,-73.48100559259356,23.72901032363252,77.89897570930589
67.8,1504.8470443499587,-73.31470286661933,23.72656626167648,78.5477946295491
67.9,1497.5240273465288,-73.14563147042065,23.72410184318013,78.4130708793648
68.0,1490.2178908064832,-72.97709361739595,23.721641651609605,78.20241048245344
68.10000000000001,1482.928565360146,-72.80940962572896,23.71918806945926,78.24732960865279
68.2,1475.6560194877745,-72.641502130372,23.716733077981942,78.34193680453569
68.3,1468.4002860190742,-72.47316153735493,23.714275118226208,78.27783252230905
68.4,1461.161374804775,-72.30505705050004,23.711819169727182,79.09024007007844
68.5,1453.9394470691745,-72.13349184328274,23.70933773213331,78.73682050042967
68.60000000000001,1446.7346030629712,-71.963382513232,23.706867382994925,78.81348622450079
68.7,1439.5467878908003,-71.79291515019545,23.704394628487563,78.52133941710017
68.8,1432.3759595618524,-71.62364569034803,23.701931040017254,78.24478162627615
68.9,1425.2220015557255,-71.45550873294466,23.69947612848228,78.56109543576922
69.0,1418.0849256941956,-71.28600275104137,23.69701129267628,78.46402299322041
69.10000000000001,1410.9647816715387,-71.11687196848318,23.694549502495224,79.36169535897353
69.2,1403.8617418864567,-70.94391786637661,23.692059548055806,78.39024668180232
69.3,1396.7757942417984,-70.77502930156132,23.689600072589087,78.3816244877789
69.4,1389.706735351356,-70.60614278213163,23.68714086764167,78.40799822196374
69.5,1382.6545723980073,-70.4371105546431,23.684680835224576,78.33773895302642
69.60000000000001,1375.619299553342,-70.2683406175411,23.68222300717544,78.85242884977124
69.7,1368.6010140922613,-70.09736280632083,23.679749030852413,79.12963020164874
69.8,1361.5998866871453,-69.92517945618611,23.67726635740247,78.64821662134227
69.9,1354.6158777004605,-69.7549945073324,23.674798788189857,78.56026955910767
70.0,1347.6488703645614,-69.58514645217124,23.67233397829554,78.72813180799646
70.10000000000001,1340.698885019671,-69.41455466131737,23.669863901762827,78.59840901115001
70.2,1333.765933184855,-69.24447626853122,23.667397895252215,78.31773675964024
70.3,1326.849931620146,-69.07554929909341,23.66494069476717,78.31504111087162
70.4,1319.9508239008824,-68.90659935882852,23.662483578857472,78.77649979660984
70.5,1313.0687104092465,-68.73566467763747,23.660011984790547,78.4595568659775
70.60000000000001,1306.2036251414636,-68.56603492711507,23.65755033473318,78.81366057408665
70.7,1299.3555794187982,-68.39487372204896,23.65507757475564,79.55717019921684
70.8,1292.524808725463,-68.22053422924667,23.652581487339297,78.7575513690548
70.9,1285.7113047101666,-68.04954027836486,23.65011048777481,78.10909004936232
71.0,1278.9147647252878,-67.88125371479687,23.647659833531,78.5489398095594
71.10000000000001,1272.1351481153472,-67.71107271397764,23.645195379104898,78.36524220816537
71.2,1265.3725124893308,-67.5416340620724,23.642736688147632,78.97697372313017
71.3,1258.6269518307745,-67.36957327352481,23.640258804258632,78.6877181634053
71.4,1251.8985378189923,-67.19870116804567,23.63778999569447,78.85851053916369
71.5,1245.1872488855959,-67.0270716794128,23.635315828559875,78.59729323599987
71.60000000000001,1238.4930693835192,-66.85651257893888,23.632849857056442,78.43842346549027
71.7,1231.8159139121658,-66.68659108710347,23.63038887005452,78.4967584841877
71.8,1225.1557646625017,-66.51638813537579,23.627926052805172,78.92438949919367
71.9,1218.5127279383878,-66.34434051183246,23.625449818733774,78.65080206685067
72.0,1211.8868398222326,-66.17341601537605,23.622982168403418,67.29819755177051
72.10000000000001,1205.2756428664895,-66.05051885519204,23.620870703357202,67.48344091820739
72.2,1198.676776114268,-65.92681192078413,23.618753426344135,67.59768078408712
72.3,1192.0903055216909,-65.80259564707026,23.61663256508227,67.79653379556802
72.4,1185.5162999443974,-65.67751158909803,23.614505464854158,67.4263480025276
72.5,1178.954725680178,-65.5539694317584,23.612389979117832,67.03847060375443
72.60000000000001,1172.4054247716424,-65.43204452357827,23.61028666294324,67.82150177041069
72.7,1165.8684834526737,-65.3067775405972,23.608158779350816,67.04822418467539
72.8,1159.3439063434757,-65.18476042524628,23.606055157159926,67.04590118048549
72.9,1152.8315317192573,-65.06272784055052,23.603951607852743,67.46787323225405
73.0,1146.3314510103746,-64.93888206449665,23.601834819272145,67.34870435305852
73.10000000000001,1139.8437309137662,-64.81551560938298,23.599721769586974,67.30126373587139
73.2,1133.3683386885355,-64.69232464218065,23.597610208339958,67.71932093088529
73.3,1126.9053554217273,-64.56733638715633,23.59548553064723,67.4421881269842
73.4,1120.454813543218,-64.44349691061093,23.59336954793074,67.62650869883822
73.5,1114.0166959584471,-64.31885048823447,23.591247782199865,67.11149818597488
73.60000000000001,1107.5909351455662,-64.19636153724575,23.589142174802134,67.11989172775002
73.7,1101.1774262767187,-64.07381160574842,23.587036304059016,67.10237913985591
73.8,1094.7761699587288,-63.95131052154985,23.584930982769205,67.76603663910288
73.9,1088.387305722638,-63.82596988285345,23.58280483938217,67.37043217497975
74.0,1082.0108929650735,-63.702281000522675,23.58069110799172,67.5274525926271
74.10000000000001,1075.6468836724634,-63.577900563072276,23.578572450122767,67.39395211850199
74.2,1069.29528539886,-63.454060636566886,23.576457980799645,90.90815017501245
74.3,1062.9610595460854,-63.230448643389316,23.5736057590687,90.40347877280291
74.4,1056.6490901752436,-63.00893108214508,23.570769371283745,90.72558246296715
74.5,1050.3593432005289,-62.786000664074585,23.567922877571625,91.14720280284078
74.60000000000001,1044.0919810473706,-62.5612345769419,23.56506315562097,91.20024700017015
74.7,1037.8471091055094,-62.33619642712652,23.562201769421154,90.58719485471613
74.8,1031.6246132259814,-62.11371343336247,23.559359617587543,90.89744166576165
74.9,1025.4244338139854,-61.88986702156809,23.556507731833545,90.65167113387365
75.0,1019.246589208485,-61.66701734361601,23.55366355707191,90.5233330638262
75.10000000000001,1013.0910046484622,-61.44466613206819,23.5508234088869,91.0561809116886
75.2,1006.9577706635575,-61.22000574815214,23.547966542726567,90.67365656398297
75.3,1000.8469238336661,-60.99692309547517,23.545121678177257,91.22075329274773
75.4,994.7585037853623,-60.77147002063954,23.54225964859736,91.17139777505847
75.5,988.6926209165478,-60.546179512277085,23.539399167535166,91.1404176582506
75.60000000000001,982.6492628707576,-60.32097356357701,23.536539658466815,91.01912926410432
75.7,976.6284020039487,-60.09623595160554,23.533683954793172,90.29932189327872
75.8,970.6298643012027,-59.874510403670826,23.530850834905706,91.30923231099692
75.9,964.6537160734905,-59.648446275833386,23.527986029317518,90.93063537428284
76.0,958.7000961579334,-59.423944223836756,23.525133102118758,70.80581053343268
76.10000000000001,952.7646511805624,-59.284950586143175,23.522911586544062,71.33386723116996
76.2,946.8432192384325,-59.14368344717521,23.520673503315248,71.31358679596518
76.3,940.9359111416076,-59.00247368186601,23.518436056380295,71.07916871063676
76.4,935.0426756233962,-58.862231905548406,23.51620596425738,70.92866710980788
76.5,929.1634337143802,-58.72260151726682,23.51398059408663,71.09109510557411
76.60000000000001,923.2981908123164,-58.582251743780645,23.51175012777589,70.60620901659654
76.7,917.4468811995658,-58.443935795098305,23.50953487465162,70.87327067417233
76.80000000000001,911.609461398771,-58.30445546802416,23.50731124253095,81.42842026133573
76.9,905.7882362867662,-58.12004049694667,23.50475644508607,81.31069081922885
77.0,899.9854295089814,-57.936088800394025,23.502205341374616,80.57544089880932
77.10000000000001,894.2008633457509,-57.75522831720406,23.499677305955682,81.43023806145635
77.2,888.4345669624234,-57.57069306985972,23.49712245147775,81.31704497859089
77.30000000000001,882.6867018994836,-57.386601925535906,23.49457114840605,80.8716575092619
77.4,876.9571530381006,-57.20436910580559,23.492033819260957,81.80532385257253
77.5,871.2460280518895,-57.018124276818895,23.48946719655496,81.01064318455377
77.60000000000001,865.5533602821212,-56.83522489820877,23.486925506767143,81.48984260192275
77.7,859.8790863379118,-56.65024769046543,23.48436878221084,81.08746799009796
77.80000000000001,854.223226328462,-56.46694626368026,23.481824682062904,81.5149304538729
77.9,848.5857893587296,-56.28178682884179,23.479267170381174,81.43915886258905
78.0,842.9668540862341,-56.096912329281245,23.476712036015215,81.20547076563668
78.10000000000001,837.3663583775684,-55.91299558694359,23.47416423355808,81.41167857026149
78.2,831.7843001458705,-55.728162756740204,23.4716099613798,81.07812829408562
78.30000000000001,826.2206560252841,-55.54471341479331,23.46906615426262,81.28083806966407
78.4,820.6754019007977,-55.36036280213993,23.46651598717413,81.40916471900803
78.5,815.1486120640357,-55.17542763911342,23.46396179386734,81.02679061806624
78.60000000000001,809.6402361448634,-54.99208450797665,23.461419597457617,81.49472880421462
78.7,804.1502961421086,-54.80670923715369,23.45886271959787,81.5962506553963
78.80000000000001,798.6789171994089,-54.62086328976231,23.456302656514033,81.74885720714681
78.9,793.2261572820463,-54.434328705338245,23.453737805435694,81.50932804313865
79.0,787.7920016610162,-54.248777398901325,23.451180469528275,81.85428729967393
79.10000000000001,782.376476619413,-54.061717061832375,23.448612310605693,81.80815470418531
79.2,776.9796496853812,-53.874815253257815,23.446045599082396,82.11471422613295
79.30000000000001,771.6015802223186,-53.68656759324592,23.443469269326535,81.5799521485687
79.4,766.2422233879652,-53.5005627609654,23.440909717604498,81.4520576576932
79.5,760.9014416546618,-53.31506559070769,23.438354178541893,81.72604593414925
79.60000000000001,755.5792699857985,-53.12836142822049,23.43579004316185,81.04700476922288
79.7,750.2756257576151,-52.94451688097032,23.43324721253791,81.45710257669091
79.80000000000001,744.9904553703925,-52.75888454417212,23.430691515192162,81.45321779838592
79.9,739.7238492837264,-52.573230869066826,23.428135939730417,81.09210197974926
80.0,734.4757333863084,-52.38908081375834,23.425591694192153,81.42212704701329
80.10000000000001,729.2461048204665,-52.203484185069414,23.423037094195383,81.0097257508616
80.2,724.0349497733821,-52.01961050108542,23.420495433191835,81.51776129142297
80.30000000000001,718.8422924389695,-51.833529851548334,23.417937832693244,81.36724173193618
80.4,713.6682129303332,-51.64805400755628,23.415384954710266,81.11131129677564
80.5,708.5126282462944,-51.46363339788923,23.412840106484218,81.1578986206187
80.60000000000001,703.3754974557763,-51.278976128563265,23.410293796591894,81.37516804639921
80.7,698.2568806855471,-51.09335295704688,23.407740669922674,80.88847560698886
80.80000000000001,693.1567241610412,-50.90977128809866,23.40520281311374,81.83545373586858
80.9,688.0751299925422,-50.72210568843483,23.402635245089773,81.1243455318135
81.0,683.0121523620312,-50.53744063759469,23.40008998791768,81.09156093887242
81.10000000000001,677.9676361162622,-50.352877997307914,23.397545759354447,81.46466401871604
81.2,672.9416577558382,-50.16668287138542,23.394989824770242,81.65812175060374
81.30000000000001,667.9343421590708,-49.97962269263677,23.39242782049541,80.8516896623276
81.4,662.9455621088637,-49.79597206403862,23.389891117836797,81.53885108954856
81.5,657.9752958993814,-49.60934577010951,23.387332855650776,80.93183676193613
81.60000000000001,653.0235644424839,-49.425277105253116,23.38479363839585,81.53731569160709
81.7,648.0903712003601,-49.23858137919586,23.382235424382575,80.82724475159097
81.80000000000001,643.1756975875298,-49.054884628276106,23.37969948867726,81.3518807351129
81.9,638.2795077318509,-48.86890615340427,23.37714709264193,80.92553281063758
82.0,633.4018264277055,-48.68471366243497,23.374608073171988,81.55609747109705
82.10000000000001,628.5427011451231,-48.497785622707816,23.37204926988482,80.7609878690849
82.2,623.7021004658559,-48.31422171830641,23.369515412973538,81.31396090853596
82.30000000000001,618.8799763698084,-48.12825387112977,23.366964206663805,81.23950055358657
82.4,614.0764350240853,-47.94256672203092,23.364415336530115,81.23654899686524
82.5,609.2914636581194,-47.756854275065585,23.36186655900082,81.27766200881894
82.60000000000001,604.5250742334656,-47.57092788800655,23.359316491560488,81.33087042879261
82.7,599.7772907366079,-47.38473570946779,23.356764754718554,81.27569036030133
82.80000000000001,595.0481165463478,-47.19874176327221,23.35421474913823,80.84913291970497
82.9,590.3374523205146,-47.01453648586052,23.35167812669681,80.94361964906679
83.0,585.6452307355348,-46.8298889301787,23.349138539756584,81.66464194558449
83.10000000000001,580.9716302027656,-46.64211532780972,23.34657633091218,81.1587588468035
83.2,576.3167005996589,-46.456470414559114,23.34402999403046,81.28550308924464
83.30000000000001,571.6803645329562,-46.27024457859138,23.341479680578082,81.33613171253242
83.4,567.0626637982547,-46.08376376524555,23.338927778664612,80.96253810207055
83.5,562.4635330076794,-45.89884575289422,23.336387598162393,81.14405438457332
83.60000000000001,557.8829348005669,-45.71311206636223,23.333841722629703,81.58857815596649
83.7,553.3210071191102,-45.52543516891256,23.33128190026872,81.250511511028
83.80000000000001,548.7777765911858,-45.339169047203725,23.328732684668843,81.31541220763154
83.9,544.2531884893309,-45.15258663599661,23.326181432824946,81.58696891871838
84.0,539.7473187477218,-44.96480179837751,23.323621660953403,81.60997221698531
84.10000000000001,535.2602343410489,-44.77687993225894,23.321061167358813,80.73117679411179
84.2,530.7917556158567,-44.592688304548055,23.318528245762963,81.61754966142043
84.30000000000001,526.3418880051581,-44.40465750261485,23.315967514427843,81.01426136996773
84.4,521.9106960150502,-44.21917598571695,23.313425711120317,80.87742104516764
84.5,517.4980247208202,-44.034243604997265,23.310888201145648,81.26910777088267
84.60000000000001,513.1039325727627,-43.84759299977133,23.30833840209251,81.40134369655232
84.7,508.7285357610088,-43.66033685682507,23.30578445416845,81.24004575137835
84.80000000000001,504.3718318700061,-43.47373460860963,23.303235566929306,80.75909947364582
84.9,500.033686909821,-43.28915831411918,23.300701769265984,81.69213823662336
85.0,495.7142016949935,-43.10053955408003,23.298138697731943,81.319848892109
85.10000000000001,491.4135003821698,-42.91348033110364,23.295587306688116,81.29187936719349
85.2,487.1315008995514,-42.72650295296024,23.293036793181525,81.23324629983607
85.30000000000001,482.8681884784948,-42.539739107658484,23.29048811927357,81.29275702060033
85.4,478.6235671269503,-42.352681552000455,23.28793757823081,81.00404706481461
85.5,474.3975914509452,-42.1668256406634,23.285396095394695,81.49465872017842
85.60000000000001,470.1903086196334,-41.9788245798519,23.28283921973382,81.21299181453406
85.7,466.0017673237459,-41.791994974985876,23.280291181305554,81.26965426085576
85.80000000000001,461.8319230678634,-41.60488376947652,23.277741365106422,81.62124792268978
85.9,457.6808673715852,-41.41622372622327,23.27518051773923,80.880410044693
86.0,453.5485204494999,-41.23070840042742,23.272642913985408,81.27925609418376
86.10000000000001,449.4348126507848,-41.0434411949883,23.270092796531024,80.8733674580476
86.2,445.33974626755383,-40.85788015291422,23.26755541373669,80.5253367956527
86.30000000000001,441.2631630894242,-40.67377714584816,23.265028950322154,81.34807625838425
86.4,437.20516892307467,-40.486099787266255,23.26247667365138,81.10364535934379
86.5,433.16589186945777,-40.299434928169234,23.25993206594231,81.22818037633576
86.60000000000001,429.1453099812028,-40.11219645909445,23.257383550976506,80.7221333167352
86.7,425.14334505264736,-39.92709581202135,23.25485091311762,80.92251104344979
86.80000000000001,421.1599351650619,-39.74109560699872,23.25231198845491,81.30790981286219
86.9,417.19521007718623,-39.55339975596182,23.249760971996874,81.32282778246747
87.0,413.2492597013536,-39.36560136238713,23.247209487491066,81.27764716335287
87.10000000000001,409.3220813663706,-39.17795894467455,23.24465942051651,81.21968903846303
87.2,405.41365672319057,-38.99052753404027,23.242111171964424,81.02135354809698
87.30000000000001,401.52393446629367,-38.80391124876664,23.239569146141484,81.120349721841
87.4,397.6528970452122,-38.61683080079649,23.237024014336985,81.04619924063206
87.5,393.80055362427777,-38.43003125607746,23.234481208986313,81.20312238391301
87.60000000000001,389.9669258384182,-38.24251807324019,23.2319334802091,81.25135431863656
87.7,386.1520616686292,-38.05475892567285,23.229384238166332,80.89280363247796
87.80000000000001,382.35589815105686,-37.86850508384949,23.22684624556662,81.26824911534528
87.9,378.5784427477354,-37.68059658024796,23.224296473453595,81.27008015934342
88.0,374.81978050985185,-37.49264177339536,23.221746643892,81.50315305933731
88.10000000000001,371.0799658618695,-37.30364474402389,23.219189501723243,81.5427080560343
88.2,367.3590613679986,-37.11443868348974,23.216631118525807,81.67542568842327
88.30000000000001,363.65710799984447,-36.92462220724925,23.214068571344015,81.07087466159525
88.4,359.9740079994041,-36.73737142327194,23.211524991807842,81.57372641627715
88.5,356.30974331833903,-36.54791573895355,23.208965635416686,81.1676816772055
88.60000000000001,352.6643386613185,-36.36017100511709,23.206419018583272,81.23951640972709
88.7,349.03772587519813,-36.172078308215795,23.2038701479521,81.36796101558743
88.80000000000001,345.4299519610697,-35.98339354358183,23.201317247401768,81.0509221120011
88.9,341.8409801243042,-35.79603680957172,23.198774293872123,81.10989097942448
89.0,338.2707585861349,-35.60838756096621,23.196229490208196,81.64764722153703
89.10000000000001,334.7194198139081,-35.41838140424588,23.193667814569242,81.2106551357856
89.2,331.18698938933426,-35.230220675665215,23.19111984945372,81.22217364883471
89.30000000000001,327.6733794447997,-35.0419718002322,23.188571522947573,81.11870923121222
89.4,324.17857400139843,-34.854130667925695,23.18602644261308,81.59594020809575
89.5,320.7026575123716,-34.664192635793945,23.18346638926945,81.33673160886651
89.60000000000001,317.2456808618744,-34.47533393699904,23.180914468534375,81.11834755844367
89.7,313.8075449048125,-34.28737880019941,23.17836939954728,81.51113752088813
89.80000000000001,310.38829112101035,-34.09769040821194,23.175812006867925,81.49909024310841
89.9,306.98800551754215,-33.90801519400543,23.173254992169063,81.55232214400097
90.0,303.60670086225974,-33.71807143461458,23.17069630733189,80.99205596137321
90.10000000000001,300.2442716175678,-33.53050706947922,23.168155200713812,81.47234866805972
90.2,296.9007043876917,-33.34083106086666,23.16559902502555,81.21318112074076
90.30000000000001,293.5760507568439,-33.15223512857567,23.163050980657847,81.3032402435941
90.4,290.270278089302,-32.96321177906856,23.160500110706444,80.92159633040313
90.5,286.9833272926541,-32.77579776963994,23.157961214742638,81.19208183085888
90.60000000000001,283.71517821675064,-32.58717732001751,23.155413832360168,81.05027919123786
90.7,280.4658624924712,-32.39913075818571,23.15287089900201,80.87266668883342
90.80000000000001,277.23531498745075,-32.211812961489905,23.150333538194147,81.37393933650989
90.9,274.02360944906667,-32.02229134469311,23.14778045007541,81.37181734102413
91.0,270.8308575525625,-31.832740122802775,23.14522742853378,81.29399401238447
91.10000000000001,267.6570459039702,-31.643486397389765,23.142676848680697,81.244219097075
91.2,264.5021508088442,-31.45440905995365,23.14012783050382,80.91544485734173
91.30000000000001,261.3660943361004,-31.266714000398885,23.137589127541027,81.33965737851517
91.4,258.24890096625387,-31.0771469333618,23.135037115010622,81.37386633743974
91.5,255.1506736360712,-30.88739320025632,23.132484029182212,81.89841352709774
91.60000000000001,252.07153700763763,-30.695332813245574,23.129914485809675,80.62937579133444
91.7,249.0113340362025,-30.50872026046164,23.127384758196232,82.08407061743554
91.80000000000001,245.97010874600454,-30.3157789556687,23.124809389876354,81.06475140357193
91.9,242.94795915135796,-30.127206510610954,23.122266002455955,81.39499570004182
92.0,239.9447401472171,-29.937167091657432,23.119712253698786,81.3086707991695
92.10000000000001,236.96050835879302,-29.747462208585734,23.117161213364984,81.2553166678357
92.2,233.99523745850146,-29.55794933606799,23.114611847004447,81.19665142106979
92.30000000000001,231.0489070929464,-29.36865152175952,23.112064321252163,81.37106587226123
92.4,228.12154618006198,-29.178560253470522,23.109511323287688,81.26578940590451
92.5,225.21317355947525,-28.988885691141224,23.106961628347467,81.1718910830622
92.60000000000001,222.32375001571813,-28.799578730390756,23.10441487944494,81.47354378351639
92.7,219.45332438938374,-28.608927293195574,23.10185866626021,81.58673011828382
92.80000000000001,216.60199035688728,-28.41774683410671,23.099298901880974,81.40322366334598
92.9,213.76973660308352,-28.227321747212894,23.0967448949734,81.59605135942368
93.0,210.95656905309954,-28.0360227254594,23.09418483814243,81.47281847461896
93.10000000000001,208.16250668106625,-27.8452182064581,23.091628647714096,81.33370800156636
93.2,205.38749659007266,-27.654977125437966,23.089076821843985,81.58054701853419
93.30000000000001,202.63156601129705,-27.463627921212964,23.086517251458044,81.04260227479043
93.4,199.89465579690628,-27.27456992213645,23.083974558961327,81.24618618938756
93.5,197.17669741552137,-27.08459122724794,23.08142547906739,81.18977219344814
93.60000000000001,194.47772662571484,-26.89481809813422,23.07887816914925,81.17098190854075
93.7,191.7977310190041,-26.70508756689902,23.076331448771857,81.17105495441302
93.80000000000001,189.13671042214233,-26.515317899714525,23.073784726102666,81.08561723339703
93.9,186.49465021794256,-26.325879725849052,23.071240684021785,81.28746256229981
94.0,183.8715795159473,-26.135527821997186,23.068690309091405,81.70658512465099
94.10000000000001,181.26763680110852,-25.943319914145896,23.066126784289665,81.27075565318475
94.2,178.6828223644914,-25.752962325928593,23.06357693353461,81.37639117907813
94.30000000000001,176.11706853715086,-25.562107710284756,23.06102376848989,81.09448712374872
94.4,173.57034099887142,-25.372436588307814,23.058479448118295,81.65188142438205
94.5,171.0427033873173,-25.180309085120445,23.055917639632224,81.06999544113326
94.60000000000001,168.53415429404978,-24.990666314275877,23.053374087681384,81.49310852731935
94.7,166.04466319271117,-24.799149177427534,23.050817260657443,81.12298394807705
94.80000000000001,163.57424547531832,-24.60919869315438,23.04827204620472,81.34889829861757
94.9,161.12287376224785,-24.418229053412748,23.045719743742627,81.72536430788335
95.0,158.69068265186948,-24.22558657741427,23.04315562974845,81.4101773876511
95.10000000000001,156.27768936662315,-24.034272599952693,23.04060140466942,81.82053391334209
95.2,153.88391849487505,-23.841138240012153,23.03803430475136,81.49582389404286
95.30000000000001,151.50939255994538,-23.649373914370308,23.03547739253343,81.3684384726686
95.4,149.15401736911065,-23.458123377108816,23.032924477002997,80.9366032922749
95.5,146.8176754397823,-23.26870875189156,23.03038511019931,81.3191627587792
95.60000000000001,144.50035997188579,-23.07759408584147,23.027833740682752,80.92984288552
95.7,142.20207338811144,-22.88813113030252,23.02529458598523,81.45945987086476
95.80000000000001,139.92285005396567,-22.696329007003445,23.022738814679933,81.69643253325904
95.9,137.66286036470828,-22.503458192932303,23.02017560841335,81.57226909007967
96.0,135.42213276217163,-22.311087291128917,23.01761629774546,81.53528254009906
96.10000000000001,133.20063618496687,-22.118837690789142,23.01505814752183,81.35125238062983
96.2,130.99832655325446,-21.927348409419963,23.012505771200974,81.13102441201768
96.30000000000001,128.81511995687387,-21.736777018041973,23.009960304480593,81.23811547020573
96.4,126.6509957221246,-21.545701158179167,23.007411477803565,81.23413946884244
96.5,124.50598016500179,-21.354603464706933,23.004862775872642,81.0224255887928
96.60000000000001,122.38003031481944,-21.164387051872932,23.00232071641468,81.21085671617692
96.7,120.2731450143612,-20.97331243857349,22.99977274497462,81.25117314082462
96.80000000000001,118.18537789616704,-20.78202339867158,22.997223508616262,81.55616514028655
96.9,116.11680795562259,-20.58936883502846,22.994664703205988,80.95391599316346
97.0,114.06737448096071,-20.399294176362535,22.9921247932204,81.5139957541296
97.10000000000001,112.03707222403781,-20.206744388792,22.98956731086465,81.0585881555177
97.2,110.02592786410456,-20.016136308370488,22.987024116814702,81.06773179611467
97.30000000000001,108.03384825182481,-19.825449432816026,22.98448063588519,81.51390000316981
97.4,106.06093634432696,-19.632782139479822,22.981923156533608,81.26859155761896
97.5,104.10723976578471,-19.441142891781166,22.97937337367654,81.14296047126281
97.60000000000001,102.1726817363914,-19.25001117525834,22.976827532465123,81.19149181283896
97.7,100.25724939675509,-19.058629087391328,22.97428016859433,81.74249979033364
97.80000000000001,98.36107715241054,-18.86480917901617,22.971715516978442,82.03380315996333
97.9,96.48435229471652,-18.669681305618877,22.969141725788162,81.26533206937582
98.0,94.62697492947547,-18.47785945286266,22.96659204519677,80.84852828277769
98.10000000000001,92.78869096553561,-18.28781334513908,22.96405544172569,81.43552943974436
98.2,90.96954137488412,-18.095171891187967,22.961500421232017,81.70779287169377
98.30000000000001,89.16971719413341,-17.90130510159808,22.9589368585375,81.49742758472013
98.4,87.38923586237459,-17.70831494393612,22.95637989600415,81.29625304501985
98.5,85.62801170347645,-17.516161675418036,22.953829245274452,81.46953218821805
98.60000000000001,83.88604258710737,-17.32321406390072,22.951273157952578,81.53352611812117
98.7,82.16338415075046,-17.12994806335038,22.948715062836275,81.49769130166979
98.80000000000001,80.46004648639504,-16.936798628201092,22.94615809202887,80.94292373426325
98.9,78.77590485078777,-16.746027576430635,22.94361852692281,81.32091029145634
99.0,77.1109246517659,-16.553569834115905,22.94106710257783,81.05440530146132
99.10000000000001,75.46513410909111,-16.36223449103057,22.938524039763937,81.06966902878327
99.2,73.83848238671479,-16.170793424239207,22.935980498054207,81.48599736308034
99.30000000000001,72.23106749634995,-15.977497782068953,22.933423894141363,80.76671600341429
99.4,70.64282731959696,-15.787299266582878,22.930889857511218,81.06633120568114
99.5,69.07367427532323,-15.595755082823203,22.9283464205249,81.8961262668772
99.60000000000001,67.52385857781263,-15.400552195341215,22.92577694891461,81.455457139875
99.7,65.99346905586705,-15.207231641656099,22.923221303194055,81.39418997059946
99.80000000000001,64.48240020545836,-15.014138773061653,22.920667579716458,81.377844724129
99.9,62.990639054214924,-14.821077659530271,22.918114369067105,81.12123967973355
100.0,61.51813000498432,-14.629096772856208,22.915569209340386,81.51555385262265
100.10000000000001,60.064907052924255,-14.43535565079329,22.913011678099668,81.05492512458936
100.2,58.630959674179685,-14.24358537966723,22.910468598976447,80.61631567964213
100.30000000000001,57.21609555646195,-14.053690499458833,22.907939281120925,81.08766267841277
100.4,55.82032575559668,-13.861698965226942,22.90539517486469,81.25534739864354
100.5,54.443793680560084,-13.668935954292975,22.90284580753998,81.16740972707936
100.60000000000001,53.08652068172378,-13.476517453996967,22.900299199238937,81.10798406383259
100.7,51.74847852776625,-13.284319064873586,22.897754455404037,81.36021408420558
100.80000000000001,50.42971326249594,-13.09097963791713,22.895201797911845,81.44063022386894
100.9,49.13030148394805,-12.897249315890441,22.892646617382276,81.12448591371516
101.0,47.85019566845286,-12.70486042667478,22.890101355805733,81.75154211341885
101.10000000000001,46.58946769346106,-12.50969240241599,22.887536420489095,81.80348739547111
101.2,45.348269871057276,-12.31425736493677,22.884969855401504,81.13255970225207
101.30000000000001,44.12647095887894,-12.121714305576157,22.882424340511754,81.2822510145452
101.4,42.92396103592377,-11.928477554726873,22.879874129092453,81.13004187584269
101.5,41.740743502701605,-11.735866534142339,22.877328693198912,80.97335500759104
101.60000000000001,40.57675479680888,-11.543901032056153,22.87478817331884,81.50812318917045
101.7,39.43208150575357,-11.34955814909103,22.872230875213432,81.45116805357809
101.80000000000001,38.30683204348594,-11.155424464096571,22.869675364061944,81.363935912192
101.9,37.20097886652134,-10.961632455750195,22.86712258979828,81.7157890668737
102.0,36.114583816398365,-10.76626186839543,22.864558776225028,80.83473709780449
102.10000000000001,35.047535146720726,-10.574704988619198,22.86202260544912,81.26785037386401
102.2,33.99973885645863,-10.381214208381351,22.85947284584652,81.08659872993017
102.30000000000001,32.97125397913935,-10.188476757740633,22.856928772971415,81.64505972888946
102.4,31.962166994694385,-9.993256258453084,22.85436717851443,81.54919526353609
102.5,30.97258308767441,-9.798415223409785,22.851808591782394,81.43700106736304
102.60000000000001,30.002460731828293,-9.604025251798602,22.84925352511675,81.2095619153031
102.7,29.051729592607774,-9.410590926469144,22.84670559430076,81.6517825659125
102.80000000000001,28.120440655085975,-9.21518114418803,22.84414378891635,81.33790591925111
102.9,27.208625995162546,-9.021105424274312,22.841591831337567,80.7250165186942
103.0,26.316086725590967,-8.829673435236263,22.839059103018904,81.0559302515973
103.10000000000001,25.442765064706336,-8.636753195409636,22.836515992360063,81.29205759296731
103.2,24.58878910742012,-8.442759323356107,22.83396547326168,81.50209640286072
103.30000000000001,23.754260521631142,-8.247805729685508,22.83140836424527,81.28180998846419
103.4,22.93918104861435,-8.053777102397667,22.828858166663057,81.24933781846958
103.5,22.143499314332555,-7.859850958800992,22.826308987887504,81.32682356966268
103.60000000000001,21.36722915605815,-7.6655455681253555,22.823757378014818,81.57258854617395
103.7,20.610445372315105,-7.470123426494766,22.821198057324064,81.49349222629044
103.80000000000001,19.873188476089886,-7.275007829222542,22.818641218261657,81.28325371628617
103.9,19.155399069668448,-7.080773663298271,22.816090975382824,81.6989475129954
104.0,18.457126174195633,-6.884677540699982,22.813527690209344,80.99861518454078
104.10000000000001,17.77831140073981,-6.691611335950604,22.81098637779719,80.98481371498973
104.2,17.118802200240545,-6.498566082346806,22.80844549840288,80.9337083714544
104.30000000000001,16.47858829876072,-6.305705362412032,22.805906222426646,80.66130061626562
104.4,15.85760271737439,-6.113999723274783,22.803375493179367,63.801751842372816
104.5,15.25209269553945,-5.996196619551935,22.801373728291104,63.989713093704445
104.60000000000001,14.658405431815632,-5.8775445361713405,22.799366066162992,63.57091839921315
104.7,14.07649276325853,-5.7607047692397675,22.797371543619466,63.76641881955796
104.80000000000001,13.506308171532211,-5.642982973793451,22.795370887296446,63.89454014854533
104.9,12.947925091004699,-5.524674528083778,22.793366211197004,63.78811205061132
105.0,12.401350740066617,-5.4068083949611685,22.791364874253986,63.32180762902598
105.10000000000001,11.86646192677515,-5.290963834107402,22.78937816750201,64.17729057211646
105.2,11.343346484999675,-5.171340854102684,22.78736462017484,64.01718211451815
105.30000000000001,10.832159452447877,-5.052395669572818,22.785356096212695,63.80736586948525
105.4,10.332822132022432,-4.9343466378643654,22.78335415518566,63.328442964307186
105.5,9.845185835340164,-4.818375255334245,22.78136724025161,63.46697806046372
105.60000000000001,9.369178296236962,-4.7017714678775056,22.77937597881165,63.95345584767291
105.7,8.904939140167865,-4.583007531467682,22.777369454246067,63.79214033589587
105.80000000000001,8.452542200989333,-4.464927150113037,22.77536799091655,64.04542127959377
105.9,8.012010138018233,-4.345709973952991,22.77335858095727,64.06707212394608
106.0,7.583405787169216,-4.226372904144521,22.77134849170787,63.48634998289576
106.10000000000001,7.1666088659850935,-4.109561454632717,22.76935662247842,63.660514038743976
106.2,6.761532556802354,-3.991960641067363,22.767359288892873,63.64038097797482
106.30000000000001,6.368213133700988,-3.8744237348737793,22.76536258697735,63.63311717501914
106.4,5.986647031660332,-3.756894220069248,22.76336611296193,63.51597228255425
106.5,5.616809374416924,-3.6398548532451875,22.761373314339828,63.50162885517398
106.60000000000001,5.2586737243829935,-3.5228540770058,22.75938096573937,63.41243899765343
106.7,4.912219777942913,-3.406220792084019,22.75739141544962,63.87985348944184
106.80000000000001,4.577533079081724,-3.287509064635887,22.755387200140635,63.86286959161693
106.9,4.25471505712889,-3.168847255382266,22.753383517697433,63.76181588073237
107.0,3.943742244278667,-3.0506048948862565,22.75138300579053,63.870781037209355
107.10000000000001,3.644618847906367,-2.931858911050125,22.74937907512759,63.65548754602758
107.2,3.3573239651266116,-2.814034650053754,22.747381899247063,64.08734688890355
107.30000000000001,3.0819076675065293,-2.6942871513802107,22.7453711738817,63.81609016244304
107.4,2.8184077326151415,-2.575707429818127,22.743368959132034,63.613807846677126
107.5,2.566722531721394,-2.4579924967644318,22.741373090942226,63.919847487876964
107.60000000000001,2.3268773425143325,-2.3389071558972443,22.73936762083099,63.345610487815996
107.7,2.098815654574812,-2.222322544599605,22.737380167269944,63.65408685817887
107.80000000000001,1.8824814839204282,-2.104356769854432,22.73538303533567,63.84543235861225
107.9,1.6779872038642023,-1.9855247072327051,22.733379899981532,63.77185200474878
108.0,1.4853611830747353,-1.866991593294744,22.73137907319361,63.59714657390937
108.10000000000001,1.304551277826439,-1.7492024182066725,22.7293837277473,64.07296064868365
108.2,1.135626193721578,-1.6292951082125553,22.727373453746825,64.17976882439639
108.30000000000001,0.9787165864744134,-1.5088928664480632,22.725359828665074,64.00343046506619
108.4,0.8338096545690099,-1.3892416235281035,22.723351736157678,63.49886611864567
108.5,0.7007580616426369,-1.2717861512935265,22.721359474237428,63.34797425412458
108.60000000000001,0.5794200343347427,-1.1549703298316714,22.71937194651377,63.51075014357181
108.7,0.46980063399506705,-1.0374135902958186,22.717379311735048,63.69262983047361
108.80000000000001,0.3719781669818417,-0.9190316391405469,22.715380970524123,64.30103064573899
108.9,0.2861290545474635,-0.7979464190686371,22.71336354088138,33.69396679385493
109.0,0.20565173977511533,-0.8115987256022896,22.712306400634812,33.51258590336893
109.10000000000001,0.12376960826658645,-0.8260427660428912,22.711254951170822,33.48282625083644
109.2,0.04043686233891926,-0.8406110159010213,22.7102044354089,33.622658797465434
